Handle,Title,Body (HTML),Vendor,Type,Tags,Published,Option1 Name,Option1 Value,Variant SKU,Variant Grams,Variant Inventory Tracker,Variant Inventory Qty,Variant Inventory Policy,Variant Fulfillment Service,Variant Price,Variant Compare At Price,Variant Shipping,Variant Taxable,Image Src,Image Position,SEO Title,SEO Description,Google Shopping / Custom Label 0,Google Shopping / Custom Label 1
king-cock-clear-11-balls,"King Cock Clear 11"" Cock w/Balls - Clear","
King Cock Clear 11 Inch
Clear flexible silicone dildo featuring integrated testicles and transparent visual feedback during depth play. Engineered as high-fidelity somatic equipment for personal exploration.
Gear, Not Medicine: This item is intended for personal somatic exploration and sensory scaffolding, not medical or therapeutic treatment.
Ships in 100% plain brown box packaging with neutral billing descriptor (QP LOGISTICS).
","King Cock","Products","Clear Dildo, Swinging Balls, Depth Play, Gear Not Medicine",TRUE,Title,Default Title,PD5759-20,1360,,10,deny,manual,72.99,,TRUE,TRUE,https://queerpathways.org/assets/products/PD5759-20.jpg,1,"King Cock Clear 11" Cock w/Balls - Clear","Clear silicone dildo with balls for visual depth play.",Lane One Retail,PaymentCloud NMI
king-cock-clear-18-double,"King Cock Clear 18"" Double Dildo - Clear","
King Cock Clear 18 Inch Double Dildo
Transparent dual-ended silicone dildo engineered for simultaneous depth play and partner connection.
Gear, Not Medicine: This item is intended for personal somatic exploration and sensory scaffolding, not medical or therapeutic treatment.
Ships in 100% plain brown box packaging with neutral billing descriptor (QP LOGISTICS).
","King Cock","Products","Double Dildo, Clear Dildo, Depth Play, Gear Not Medicine",TRUE,Title,Default Title,PD5788-20,1814,,10,deny,manual,72.99,,TRUE,TRUE,https://queerpathways.org/assets/products/PD5788-20.jpg,1,"King Cock Clear 18" Double Dildo - Clear","Transparent dual-ended silicone dildo for advanced depth play.",Lane One Retail,PaymentCloud NMI
king-cock-clear-4-balls,"King Cock Clear 4"" Cock w/Balls","
King Cock Clear 4 Inch
Compact clear silicone dildo with integrated testicles for precise oral exploration and targeted sensory play.
Gear, Not Medicine: This item is intended for personal somatic exploration and sensory scaffolding, not medical or therapeutic treatment.
Ships in 100% plain brown box packaging with neutral billing descriptor (QP LOGISTICS).
","King Cock","Products","Clear Dildo, Compact, Oral Exploration, Gear Not Medicine",TRUE,Title,Default Title,PD5750-20,453,,10,deny,manual,25.99,,TRUE,TRUE,https://queerpathways.org/assets/products/PD5750-20.jpg,1,"King Cock Clear 4" Cock w/Balls","Compact clear silicone dildo with balls.",Lane One Retail,PaymentCloud NMI
king-cock-clear-5-balls,"King Cock Clear 5"" Cock w/Balls","
King Cock Clear 5 Inch
Clear silicone dildo with integrated testicles for targeted sensory exploration.
Gear, Not Medicine: This item is intended for personal somatic exploration and sensory scaffolding, not medical or therapeutic treatment.
Ships in 100% plain brown box packaging with neutral billing descriptor (QP LOGISTICS).
","King Cock","Products","Clear Dildo, Sensory Play, Gear Not Medicine",TRUE,Title,Default Title,PD5751-20,567,,10,deny,manual,31.99,,TRUE,TRUE,https://queerpathways.org/assets/products/PD5751-20.jpg,1,"King Cock Clear 5" Cock w/Balls","Clear silicone dildo with balls for sensory exploration.",Lane One Retail,PaymentCloud NMI
king-cock-clear-6,"King Cock Clear 6"" Cock","
King Cock Clear 6 Inch
Clear silicone dildo engineered for tactile grounding and depth play.
Gear, Not Medicine: This item is intended for personal somatic exploration and sensory scaffolding, not medical or therapeutic treatment.
Ships in 100% plain brown box packaging with neutral billing descriptor (QP LOGISTICS).
","King Cock","Products","Clear Dildo, Depth Play, Gear Not Medicine",TRUE,Title,Default Title,PD5753-20,680,,10,deny,manual,33.99,,TRUE,TRUE,https://queerpathways.org/assets/products/PD5753-20.jpg,1,"King Cock Clear 6" Cock","Clear silicone dildo for tactile grounding.",Lane One Retail,PaymentCloud NMI
king-cock-clear-6-balls,"King Cock Clear 6"" Cock w/Balls","
King Cock Clear 6 Inch with Balls
Clear silicone dildo with integrated testicles for balanced weight and depth play.
Gear, Not Medicine: This item is intended for personal somatic exploration and sensory scaffolding, not medical or therapeutic treatment.
Ships in 100% plain brown box packaging with neutral billing descriptor (QP LOGISTICS).
","King Cock","Products","Clear Dildo, Swinging Balls, Gear Not Medicine",TRUE,Title,Default Title,PD5752-20,794,,10,deny,manual,36.99,,TRUE,TRUE,https://queerpathways.org/assets/products/PD5752-20.jpg,1,"King Cock Clear 6" Cock w/Balls","Clear silicone dildo with balls.",Lane One Retail,PaymentCloud NMI
king-cock-clear-6-balls-pink,"King Cock Clear 6"" Cock w/Balls - Pink","
King Cock Clear 6 Inch Pink
Pink translucent silicone dildo with integrated testicles for depth play.
Gear, Not Medicine: This item is intended for personal somatic exploration and sensory scaffolding, not medical or therapeutic treatment.
Ships in 100% plain brown box packaging with neutral billing descriptor (QP LOGISTICS).
","King Cock","Products","Pink Dildo, Translucent, Gear Not Medicine",TRUE,Title,Default Title,PD5752-11,794,,10,deny,manual,36.99,,TRUE,TRUE,https://queerpathways.org/assets/products/PD5752-11.jpg,1,"King Cock Clear 6" Cock w/Balls - Pink","Pink translucent silicone dildo with balls.",Lane One Retail,PaymentCloud NMI
king-cock-clear-6-balls-purple,"King Cock Clear 6"" Cock w/Balls - Purple","
King Cock Clear 6 Inch Purple
Purple translucent silicone dildo with integrated testicles for depth play.
Gear, Not Medicine: This item is intended for personal somatic exploration and sensory scaffolding, not medical or therapeutic treatment.
Ships in 100% plain brown box packaging with neutral billing descriptor (QP LOGISTICS).
","King Cock","Products","Purple Dildo, Translucent, Gear Not Medicine",TRUE,Title,Default Title,PD5752-12,794,,10,deny,manual,32.99,,TRUE,TRUE,https://queerpathways.org/assets/products/PD5752-12.jpg,1,"King Cock Clear 6" Cock w/Balls - Purple","Purple translucent silicone dildo with balls.",Lane One Retail,PaymentCloud NMI
king-cock-clear-7-balls,"King Cock Clear 7"" Cock w/Balls","
King Cock Clear 7 Inch with Balls
Clear silicone dildo with integrated testicles for depth play.
Gear, Not Medicine: This item is intended for personal somatic exploration and sensory scaffolding, not medical or therapeutic treatment.
Ships in 100% plain brown box packaging with neutral billing descriptor (QP LOGISTICS).
","King Cock","Products","Clear Dildo, Swinging Balls, Gear Not Medicine",TRUE,Title,Default Title,PD5754-20,907,,10,deny,manual,43.99,,TRUE,TRUE,https://queerpathways.org/assets/products/PD5754-20.jpg,1,"King Cock Clear 7" Cock w/Balls","Clear silicone dildo with balls in 7 inch.",Lane One Retail,PaymentCloud NMI
king-cock-clear-7-balls-pink,"King Cock Clear 7"" Cock w/Balls - Pink","
King Cock Clear 7 Inch Pink
Pink translucent silicone dildo with integrated testicles for depth play.
Gear, Not Medicine: This item is intended for personal somatic exploration and sensory scaffolding, not medical or therapeutic treatment.
Ships in 100% plain brown box packaging with neutral billing descriptor (QP LOGISTICS).
","King Cock","Products","Pink Dildo, Translucent, Gear Not Medicine",TRUE,Title,Default Title,PD5754-11,907,,10,deny,manual,39.99,,TRUE,TRUE,https://queerpathways.org/assets/products/PD5754-11.jpg,1,"King Cock Clear 7" Cock w/Balls - Pink","Pink translucent silicone dildo with balls in 7 inch.",Lane One Retail,PaymentCloud NMI
king-cock-clear-7-balls-purple,"King Cock Clear 7"" Cock w/Balls - Purple","
King Cock Clear 7 Inch Purple
Purple translucent silicone dildo with integrated testicles for depth play.
Gear, Not Medicine: This item is intended for personal somatic exploration and sensory scaffolding, not medical or therapeutic treatment.
Ships in 100% plain brown box packaging with neutral billing descriptor (QP LOGISTICS).
","King Cock","Products","Purple Dildo, Translucent, Gear Not Medicine",TRUE,Title,Default Title,PD5754-12,907,,10,deny,manual,43.99,,TRUE,TRUE,https://queerpathways.org/assets/products/PD5754-12.jpg,1,"King Cock Clear 7" Cock w/Balls - Purple","Purple translucent silicone dildo with balls in 7 inch.",Lane One Retail,PaymentCloud NMI
king-cock-clear-7-5-balls,"King Cock Clear 7.5"" Cock w/Balls","
King Cock Clear 7.5 Inch with Balls
Clear silicone dildo with integrated testicles for depth play.
Gear, Not Medicine: This item is intended for personal somatic exploration and sensory scaffolding, not medical or therapeutic treatment.
Ships in 100% plain brown box packaging with neutral billing descriptor (QP LOGISTICS).
","King Cock","Products","Clear Dildo, Swinging Balls, Gear Not Medicine",TRUE,Title,Default Title,PD5755-20,1020,,10,deny,manual,47.99,,TRUE,TRUE,https://queerpathways.org/assets/products/PD5755-20.jpg,1,"King Cock Clear 7.5" Cock w/Balls","Clear silicone dildo with balls in 7.5 inch.",Lane One Retail,PaymentCloud NMI
king-cock-clear-7-5-balls-clear,"King Cock Clear 7.5"" Cock w/Balls - Clear","
King Cock Clear 7.5 Inch Clear
Clear silicone dildo with integrated testicles for depth play.
Gear, Not Medicine: This item is intended for personal somatic exploration and sensory scaffolding, not medical or therapeutic treatment.
Ships in 100% plain brown box packaging with neutral billing descriptor (QP LOGISTICS).
","King Cock","Products","Clear Dildo, Swinging Balls, Gear Not Medicine",TRUE,Title,Default Title,PD5760-20,1020,,10,deny,manual,43.99,,TRUE,TRUE,https://queerpathways.org/assets/products/PD5760-20.jpg,1,"King Cock Clear 7.5" Cock w/Balls - Clear","Clear silicone dildo with balls in 7.5 inch clear.",Lane One Retail,PaymentCloud NMI
king-cock-clear-8,"King Cock Clear 8"" Cock","
King Cock Clear 8 Inch
Clear silicone dildo engineered for tactile grounding and depth play.
Gear, Not Medicine: This item is intended for personal somatic exploration and sensory scaffolding, not medical or therapeutic treatment.
Ships in 100% plain brown box packaging with neutral billing descriptor (QP LOGISTICS).
","King Cock","Products","Clear Dildo, Depth Play, Gear Not Medicine",TRUE,Title,Default Title,PD5757-20,1020,,10,deny,manual,47.99,,TRUE,TRUE,https://queerpathways.org/assets/products/PD5757-20.jpg,1,"King Cock Clear 8" Cock","Clear silicone dildo in 8 inch.",Lane One Retail,PaymentCloud NMI
king-cock-clear-8-pink,"King Cock Clear 8"" Cock - Pink","
King Cock Clear 8 Inch Pink
Pink translucent silicone dildo engineered for tactile grounding and depth play.
Gear, Not Medicine: This item is intended for personal somatic exploration and sensory scaffolding, not medical or therapeutic treatment.
Ships in 100% plain brown box packaging with neutral billing descriptor (QP LOGISTICS).
","King Cock","Products","Pink Dildo, Translucent, Gear Not Medicine",TRUE,Title,Default Title,PD5757-11,1020,,10,deny,manual,47.99,,TRUE,TRUE,https://queerpathways.org/assets/products/PD5757-11.jpg,1,"King Cock Clear 8" Cock - Pink","Pink translucent silicone dildo in 8 inch.",Lane One Retail,PaymentCloud NMI
king-cock-clear-8-purple,"King Cock Clear 8"" Cock - Purple","
King Cock Clear 8 Inch Purple
Purple translucent silicone dildo engineered for tactile grounding and depth play.
Gear, Not Medicine: This item is intended for personal somatic exploration and sensory scaffolding, not medical or therapeutic treatment.
Ships in 100% plain brown box packaging with neutral billing descriptor (QP LOGISTICS).
","King Cock","Products","Purple Dildo, Translucent, Gear Not Medicine",TRUE,Title,Default Title,PD5757-12,1020,,10,deny,manual,43.99,,TRUE,TRUE,https://queerpathways.org/assets/products/PD5757-12.jpg,1,"King Cock Clear 8" Cock - Purple","Purple translucent silicone dildo in 8 inch.",Lane One Retail,PaymentCloud NMI
king-cock-clear-8-balls,"King Cock Clear 8"" Cock w/Balls","
King Cock Clear 8 Inch with Balls
Clear silicone dildo with integrated testicles for depth play.
Gear, Not Medicine: This item is intended for personal somatic exploration and sensory scaffolding, not medical or therapeutic treatment.
Ships in 100% plain brown box packaging with neutral billing descriptor (QP LOGISTICS).
","King Cock","Products","Clear Dildo, Swinging Balls, Gear Not Medicine",TRUE,Title,Default Title,PD5756-20,1134,,10,deny,manual,52.99,,TRUE,TRUE,https://queerpathways.org/assets/products/PD5756-20.jpg,1,"King Cock Clear 8" Cock w/Balls","Clear silicone dildo with balls in 8 inch.",Lane One Retail,PaymentCloud NMI
king-cock-clear-8-balls-pink,"King Cock Clear 8"" Cock w/Balls - Pink","
King Cock Clear 8 Inch Pink with Balls
Pink translucent silicone dildo with integrated testicles for depth play.
Gear, Not Medicine: This item is intended for personal somatic exploration and sensory scaffolding, not medical or therapeutic treatment.
Ships in 100% plain brown box packaging with neutral billing descriptor (QP LOGISTICS).
","King Cock","Products","Pink Dildo, Translucent, Gear Not Medicine",TRUE,Title,Default Title,PD5756-11,1134,,10,deny,manual,47.99,,TRUE,TRUE,https://queerpathways.org/assets/products/PD5756-11.jpg,1,"King Cock Clear 8" Cock w/Balls - Pink","Pink translucent silicone dildo with balls in 8 inch.",Lane One Retail,PaymentCloud NMI
king-cock-clear-8-balls-purple,"King Cock Clear 8"" Cock w/Balls - Purple","
King Cock Clear 8 Inch Purple with Balls
Purple translucent silicone dildo with integrated testicles for depth play.
Gear, Not Medicine: This item is intended for personal somatic exploration and sensory scaffolding, not medical or therapeutic treatment.
Ships in 100% plain brown box packaging with neutral billing descriptor (QP LOGISTICS).
","King Cock","Products","Purple Dildo, Translucent, Gear Not Medicine",TRUE,Title,Default Title,PD5756-12,1134,,10,deny,manual,52.99,,TRUE,TRUE,https://queerpathways.org/assets/products/PD5756-12.jpg,1,"King Cock Clear 8" Cock w/Balls - Purple","Purple translucent silicone dildo with balls in 8 inch.",Lane One Retail,PaymentCloud NMI
king-cock-clear-9-balls,"King Cock Clear 9"" Cock w/Balls - Clear","
King Cock Clear 9 Inch with Balls
Clear silicone dildo with integrated testicles for depth play.
Gear, Not Medicine: This item is intended for personal somatic exploration and sensory scaffolding, not medical or therapeutic treatment.
Ships in 100% plain brown box packaging with neutral billing descriptor (QP LOGISTICS).
","King Cock","Products","Clear Dildo, Swinging Balls, Gear Not Medicine",TRUE,Title,Default Title,PD5758-20,1134,,10,deny,manual,52.99,,TRUE,TRUE,https://queerpathways.org/assets/products/PD5758-20.jpg,1,"King Cock Clear 9" Cock w/Balls - Clear","Clear silicone dildo with balls in 9 inch.",Lane One Retail,PaymentCloud NMI
king-cock-clear-9-balls-pink,"King Cock Clear 9"" Cock w/Balls - Pink","
King Cock Clear 9 Inch Pink with Balls
Pink translucent silicone dildo with integrated testicles for depth play.
Gear, Not Medicine: This item is intended for personal somatic exploration and sensory scaffolding, not medical or therapeutic treatment.
Ships in 100% plain brown box packaging with neutral billing descriptor (QP LOGISTICS).
","King Cock","Products","Pink Dildo, Translucent, Gear Not Medicine",TRUE,Title,Default Title,PD5758-11,1134,,10,deny,manual,57.99,,TRUE,TRUE,https://queerpathways.org/assets/products/PD5758-11.jpg,1,"King Cock Clear 9" Cock w/Balls - Pink","Pink translucent silicone dildo with balls in 9 inch.",Lane One Retail,PaymentCloud NMI
king-cock-clear-9-balls-purple,"King Cock Clear 9"" Cock w/Balls - Purple","
King Cock Clear 9 Inch Purple with Balls
Purple translucent silicone dildo with integrated testicles for depth play.
Gear, Not Medicine: This item is intended for personal somatic exploration and sensory scaffolding, not medical or therapeutic treatment.
Ships in 100% plain brown box packaging with neutral billing descriptor (QP LOGISTICS).
","King Cock","Products","Purple Dildo, Translucent, Gear Not Medicine",TRUE,Title,Default Title,PD5758-12,1134,,10,deny,manual,52.99,,TRUE,TRUE,https://queerpathways.org/assets/products/PD5758-12.jpg,1,"King Cock Clear 9" Cock w/Balls - Purple","Purple translucent silicone dildo with balls in 9 inch.",Lane One Retail,PaymentCloud NMI
king-cock-clear-large-double,"King Cock Clear Large Double Trouble Dildo - Clear","
King Cock Clear Large Double Trouble Dildo
Transparent dual-ended silicone dildo for simultaneous exploration.
Gear, Not Medicine: This item is intended for personal somatic exploration and sensory scaffolding, not medical or therapeutic treatment.
Ships in 100% plain brown box packaging with neutral billing descriptor (QP LOGISTICS).
","King Cock","Products","Double Dildo, Clear Dildo, Gear Not Medicine",TRUE,Title,Default Title,PD5787-20,1134,,10,deny,manual,53.99,,TRUE,TRUE,https://queerpathways.org/assets/products/PD5787-20.jpg,1,"King Cock Clear Large Double Trouble Dildo - Clear","Large transparent dual-ended silicone dildo.",Lane One Retail,PaymentCloud NMI
king-cock-clear-medium-double,"King Cock Clear Medium Double Trouble Dildo - Clear","
King Cock Clear Medium Double Trouble Dildo
Transparent dual-ended silicone dildo for simultaneous exploration.
Gear, Not Medicine: This item is intended for personal somatic exploration and sensory scaffolding, not medical or therapeutic treatment.
Ships in 100% plain brown box packaging with neutral billing descriptor (QP LOGISTICS).
","King Cock","Products","Double Dildo, Clear Dildo, Gear Not Medicine",TRUE,Title,Default Title,PD5786-20,794,,10,deny,manual,36.99,,TRUE,TRUE,https://queerpathways.org/assets/products/PD5786-20.jpg,1,"King Cock Clear Medium Double Trouble Dildo - Clear","Medium transparent dual-ended silicone dildo.",Lane One Retail,PaymentCloud NMI
king-cock-double-penetrator-flesh,"King Cock Double Penetrator - Flesh","
King Cock Double Penetrator
Dual-ended silicone penetrator in flesh tone designed for simultaneous exploration.
Gear, Not Medicine: This item is intended for personal somatic exploration and sensory scaffolding, not medical or therapeutic treatment.
Ships in 100% plain brown box packaging with neutral billing descriptor (QP LOGISTICS).
","King Cock","Products","Double Penetrator, Depth Play, Gear Not Medicine",TRUE,Title,Default Title,PD5512-21,1020,,10,deny,manual,52.99,,TRUE,TRUE,https://queerpathways.org/assets/products/PD5512-21.jpg,1,"King Cock Double Penetrator - Flesh","Dual-ended silicone penetrator in flesh tone.",Lane One Retail,PaymentCloud NMI
king-cock-plus-thrusting-pro,"King Cock Plus Thrusting Cock Pro - Light","
King Cock Plus Thrusting Cock Pro
Mechanical thrusting silicone dildo engineered for automated pacing and sensory exploration.
Gear, Not Medicine: This item is intended for personal somatic exploration and sensory scaffolding, not medical or therapeutic treatment.
Ships in 100% plain brown box packaging with neutral billing descriptor (QP LOGISTICS).
","King Cock","Products","Thrusting Dildo, Mechanical, Gear Not Medicine",TRUE,Title,Default Title,PD5740-21,1814,,10,deny,manual,142.99,,TRUE,TRUE,https://queerpathways.org/assets/products/PD5740-21.jpg,1,"King Cock Plus Thrusting Cock Pro - Light","Mechanical thrusting silicone dildo for automated pacing.",Lane One Retail,PaymentCloud NMI
king-cock-triple-threat-6-5,"King Cock Plus Thrusting, Warming & Vibrating 6.5" Triple Threat Dong","
King Cock Plus Triple Threat - 6.5 Inch
Multi-function silicone dildo featuring motorized thrusting, internal warming, and vibration modes.
Gear, Not Medicine: This item is intended for personal somatic exploration and sensory scaffolding, not medical or therapeutic treatment.
Ships in 100% plain brown box packaging with neutral billing descriptor (QP LOGISTICS).
","King Cock","Products","Thrusting, Warming, Vibrating, Gear Not Medicine",TRUE,Title,Default Title,PD5728-21,1360,,10,deny,manual,148.99,,TRUE,TRUE,https://queerpathways.org/assets/products/PD5728-21.jpg,1,"King Cock Plus Thrusting, Warming & Vibrating 6.5" Triple Threat Dong","Multi-function silicone dildo with thrusting, warming, and vibration.",Lane One Retail,PaymentCloud NMI
king-cock-triple-threat-7-5-brown,"King Cock Plus Thrusting, Warming & Vibrating 7.5" Triple Threat Dong - Brown","
King Cock Plus Triple Threat - 7.5 Inch Brown
Multi-function brown silicone dildo featuring motorized thrusting, internal warming, and vibration modes.
Gear, Not Medicine: This item is intended for personal somatic exploration and sensory scaffolding, not medical or therapeutic treatment.
Ships in 100% plain brown box packaging with neutral billing descriptor (QP LOGISTICS).
","King Cock","Products","Thrusting, Warming, Vibrating, Gear Not Medicine",TRUE,Title,Default Title,PD5728-29,1588,,10,deny,manual,159.99,,TRUE,TRUE,https://queerpathways.org/assets/products/PD5728-29.jpg,1,"King Cock Plus Thrusting, Warming & Vibrating 7.5" Triple Threat Dong - Brown","Multi-function brown silicone dildo with thrusting, warming, and vibration.",Lane One Retail,PaymentCloud NMI
king-cock-strapon-harness-6-flesh,"King Cock Strap-On Harness w/6" Cock - Flesh","
King Cock Strap-On Harness with 6 Inch Cock
Complete strap-on harness set including a 6 inch silicone dildo and adjustable supportive straps.
Gear, Not Medicine: This item is intended for personal somatic exploration and sensory scaffolding, not medical or therapeutic treatment.
Ships in 100% plain brown box packaging with neutral billing descriptor (QP LOGISTICS).
","King Cock","Products","Strap-On, Harness Set, Gear Not Medicine",TRUE,Title,Default Title,PD5621-21,1134,,10,deny,manual,70.99,,TRUE,TRUE,https://queerpathways.org/assets/products/PD5621-21.jpg,1,"King Cock Strap-On Harness w/6" Cock - Flesh","Complete strap-on harness set with 6 inch silicone dildo.",Lane One Retail,PaymentCloud NMI
king-cock-strapon-harness-6-tan,"King Cock Strap-On Harness w/6" Cock - Tan","
King Cock Strap-On Harness with 6 Inch Cock (Tan)
Complete strap-on harness set including a 6 inch tan silicone dildo and adjustable supportive straps.
Gear, Not Medicine: This item is intended for personal somatic exploration and sensory scaffolding, not medical or therapeutic treatment.
Ships in 100% plain brown box packaging with neutral billing descriptor (QP LOGISTICS).
","King Cock","Products","Strap-On, Harness Set, Gear Not Medicine",TRUE,Title,Default Title,PD5621-22,1134,,10,deny,manual,70.99,,TRUE,TRUE,https://queerpathways.org/assets/products/PD5621-22.jpg,1,"King Cock Strap-On Harness w/6" Cock - Tan","Complete strap-on harness set with 6 inch tan dildo.",Lane One Retail,PaymentCloud NMI
king-cock-strapon-harness-7-flesh,"King Cock Strap-On Harness w/7" Cock - Flesh","
King Cock Strap-On Harness with 7 Inch Cock
Complete strap-on harness set including a 7 inch silicone dildo and adjustable supportive straps.
Gear, Not Medicine: This item is intended for personal somatic exploration and sensory scaffolding, not medical or therapeutic treatment.
Ships in 100% plain brown box packaging with neutral billing descriptor (QP LOGISTICS).
","King Cock","Products","Strap-On, Harness Set, Gear Not Medicine",TRUE,Title,Default Title,PD5622-21,1247,,10,deny,manual,75.99,,TRUE,TRUE,https://queerpathways.org/assets/products/PD5622-21.jpg,1,"King Cock Strap-On Harness w/7" Cock - Flesh","Complete strap-on harness set with 7 inch silicone dildo.",Lane One Retail,PaymentCloud NMI
king-cock-strapon-harness-8-brown,"King Cock Strap-On Harness w/8" Cock - Brown","
King Cock Strap-On Harness with 8 Inch Cock (Brown)
Complete strap-on harness set including an 8 inch brown silicone dildo and adjustable supportive straps.
Gear, Not Medicine: This item is intended for personal somatic exploration and sensory scaffolding, not medical or therapeutic treatment.
Ships in 100% plain brown box packaging with neutral billing descriptor (QP LOGISTICS).
","King Cock","Products","Strap-On, Harness Set, Gear Not Medicine",TRUE,Title,Default Title,PD5623-29,1360,,10,deny,manual,81.49,,TRUE,TRUE,https://queerpathways.org/assets/products/PD5623-29.jpg,1,"King Cock Strap-On Harness w/8" Cock - Brown","Complete strap-on harness set with 8 inch brown dildo.",Lane One Retail,PaymentCloud NMI
king-cock-strapon-harness-8-flesh,"King Cock Strap-On Harness w/8" Cock - Flesh","
King Cock Strap-On Harness with 8 Inch Cock
Complete strap-on harness set including an 8 inch silicone dildo and adjustable supportive straps.
Gear, Not Medicine: This item is intended for personal somatic exploration and sensory scaffolding, not medical or therapeutic treatment.
Ships in 100% plain brown box packaging with neutral billing descriptor (QP LOGISTICS).
","King Cock","Products","Strap-On, Harness Set, Gear Not Medicine",TRUE,Title,Default Title,PD5623-21,1360,,10,deny,manual,81.49,,TRUE,TRUE,https://queerpathways.org/assets/products/PD5623-21.jpg,1,"King Cock Strap-On Harness w/8" Cock - Flesh","Complete strap-on harness set with 8 inch silicone dildo.",Lane One Retail,PaymentCloud NMI
king-cock-strapon-harness-8-tan,"King Cock Strap-On Harness w/8" Cock - Tan","
King Cock Strap-On Harness with 8 Inch Cock (Tan)
Complete strap-on harness set including an 8 inch tan silicone dildo and adjustable supportive straps.
Gear, Not Medicine: This item is intended for personal somatic exploration and sensory scaffolding, not medical or therapeutic treatment.
Ships in 100% plain brown box packaging with neutral billing descriptor (QP LOGISTICS).
","King Cock","Products","Strap-On, Harness Set, Gear Not Medicine",TRUE,Title,Default Title,PD5623-22,1360,,10,deny,manual,81.49,,TRUE,TRUE,https://queerpathways.org/assets/products/PD5623-22.jpg,1,"King Cock Strap-On Harness w/8" Cock - Tan","Complete strap-on harness set with 8 inch tan dildo.",Lane One Retail,PaymentCloud NMI


SKU,Name,Wholesale,Retail,Category,Persona,Vendor,Description
SE1514-25,Accommodator Dual Penetrator - Black,11.75,25.85,Products,Alex,Williams Trading,Dual penetrator with simultaneous vibration. Gear, Not Medicine.
IBIC1359,Alien Nation Centaur,45.00,99.00,Products,Alex,Eldorado,Advanced positional hardware. Gear, Not Medicine.
IBIC1350,Alien Nation Cerberus,27.50,60.50,Products,Alex,Eldorado,Multi-headed positional anchor. Gear, Not Medicine.
DJ5079-03,Belladonna's Bitch Fist,27.53,60.57,Products,Alex,Williams Trading,Textured fisting aid. Gear, Not Medicine.
BV-162,b-Vibe Fists 14.5" Fist-Style Realistic Dildo,25.00,55.00,Products,Alex,b-Vibe,Large-scale internal expansion tool. Gear, Not Medicine.
BV-058-CRM,b-Vibe Slipskin 9" Girthy - Cream,92.50,203.50,Products,Alex,b-Vibe,Textured silicone cylinder. Gear, Not Medicine.
DJ0300-16,A Play Expander Rechargeable Plug - Royal Blue,67.75,149.05,Products,Alex,Williams Trading,Graduated expansion plug with vibration. Gear, Not Medicine.
NX1254,Nexus Simul8 Black,43.50,95.70,Products,Alex,Nexus,Advanced mechanical tactile stimulator. Gear, Not Medicine.
GLAS-514,Glas 11" Fist Double Ended w/Handle Grip,35.00,77.00,Products,Alex,Eldorado,Double-ended glass cylinder. Gear, Not Medicine.
BC-FDA8,Elbow Grease Fusion Deep Action Silicone - 8.4 oz,31.25,68.75,Products,Alex,Elbow Grease,Deep action silicone lubricant. Gear, Not Medicine.
BV-018BLK,b-Vibe Snug & Tug Weighted Silicone & Penis Ring,27.50,60.50,Products,Alex,b-Vibe,Weighted ring and plug assembly. Gear, Not Medicine.
BL92008,Blush Performance Plus Pursuit,6.50,14.30,Products,Alex,Blush,Tactile performance tool. Gear, Not Medicine.
XRAH394,Creature Cocks Dragon Claw Silicone Dildo,63.93,140.65,Products,Alex,XR Brands,Textured fantasy silicone dildo. Gear, Not Medicine.
DJ8160-38,Signature Cocks ULTRASKYN 8.5" Girthmaster,46.01,101.22,Products,Alex,Williams Trading,Ultraskyn textured stroker. Gear, Not Medicine.
IDDXTM-04,ID Xtreme Waterbased - 4.4 oz,8.48,18.66,Products,Alex,ID Lubricants,High-performance water-based lubricant. Gear, Not Medicine.
CRC-CLA-04,Clarity Glass Dildo - Celestial Orb,15.00,33.00,Products,Ken,Clarity Glass,Precision glass insertable with orb tip. Gear, Not Medicine.
CRC-CLA-24,Clarity Glass 3 Piece Kit - Utopian Trinity,20.00,44.00,Products,Ken,Clarity Glass,Three-piece borosilicate glass set. Gear, Not Medicine.
GLAS-508,Glas 10" Mr. Swirly Dildo - Red,40.00,88.00,Products,Ken,Eldorado,Spiral fluted glass dildo. Gear, Not Medicine.
XRAG251,7X Bendable Prostate Stimulator,58.09,127.80,Products,Ken,XR Brands,Bendable internal prostate stimulator. Gear, Not Medicine.
BV-088,b-Vibe Jewel Metal Training Set,20.00,44.00,Products,Ken,b-Vibe,Aluminum alloy plug training set. Gear, Not Medicine.
VI-A0308,VeDO Hump Silicone Anal Plug,8.50,18.70,Products,Ken,VeDO,Ergonomic silicone plug. Gear, Not Medicine.
WVSNVC4SG5,We-Vibe Vector+ - Royal Blue,55.88,122.94,Products,Ken,We-Vibe,App-connected targeted stimulator. Gear, Not Medicine.
PLPC32037,Plesur Advanced 30mm Magnetic Ball Stretcher,40.00,88.00,Products,Ken,Plesur,Magnetic ball weight. Gear, Not Medicine.
SE2385-00,Anti-Bacterial Toy Cleaner - 4.3 oz,4.85,10.67,Products,Ken,Williams Trading,Sanitizing toy cleaner spray. Gear, Not Medicine.
IDDFRB04,ID FREE Water Based Lubricant - 4.4 oz,9.50,20.90,Products,Ken,ID Lubricants,Hypoallergenic water-based lubricant. Gear, Not Medicine.
NB001755,Nobu Galaxy Moon Plug,10.75,23.65,Products,Ken,Nobu,Textured silicone plug. Gear, Not Medicine.
BV-098,b-Vibe Dart Silicone Anal Plug,15.00,33.00,Products,Ken,b-Vibe,Sleek tapered anal plug. Gear, Not Medicine.
EN-DD-6238,Evolved real Supple Poseable Girthy,17.49,38.48,Products,Ken,Evolved,Poseable internal dildo. Gear, Not Medicine.
DJ0301-02,A Play Hybrid Anal Lubricant - 4 oz,10.62,23.36,Products,Ken,Williams Trading,Hybrid silicone-water lubricant. Gear, Not Medicine.
SHTLVL010043TEA,Shots Levelz Set of 4 Cock & Ball Rings - Teal,21.95,48.29,Products,Ken,Shots,Silicone cock and ball ring set. Gear, Not Medicine.
SE0414-00,Weighted Silicone Anal Plug - Black,5.45,11.99,Products,Marcus,Williams Trading,Weighted silicone plug for endurance. Gear, Not Medicine.
BV-048BLK,b-Vibe Expand Plug - Black,85.00,187.00,Products,Marcus,b-Vibe,Graduated expansion plug with remote control. Gear, Not Medicine.
VI-A0108,VeDO Trio Anal Plug Set - Black,19.50,42.90,Products,Marcus,VeDO,Progressive plug set. Gear, Not Medicine.
XRAG409,Master Series Ball Trap Metal Ball Stretcher,36.74,80.83,Products,Marcus,XR Brands,Heavy metal ball stretcher. Gear, Not Medicine.
PF-ER-25,ErgoFlo Director - Black,37.95,83.49,Products,Jasper,ErgoFlo,Advanced prostate and perineum massager. Gear, Not Medicine.
BBGOLD,Boy Butter Gold Formula - 16 oz,44.99,98.98,Products,Jasper,Boy Butter,Rich cream lubricant and moisturizer. Gear, Not Medicine.
6755-12,Swiss Navy Silicone Lubricant - 32 oz,79.99,175.98,Products,Jasper,Swiss Navy,Professional large-format silicone lubricant. Gear, Not Medicine.
SS36001,Pivot Positioner SS360,115.00,253.00,Products,Gabe,Sportsheets,Positional support wedge and wedge system. Gear, Not Medicine.
SS77016,Precision Sting Crop,45.00,99.00,Products,Gabe,Sportsheets,Precision leather impact crop. Gear, Not Medicine.
SS09916,Shadow Full Hood,65.00,143.00,Products,Gabe,Sportsheets,Sensory isolation hood with lockable hardware. Gear, Not Medicine.
AH155-QP,Ultimate Obedience Chair,568.18,1250.00,Products,Simon,XR Brands,Heavy-duty bondage throne with integrated machine. Gear, Not Medicine.
AF596-QP,The Super Milker Automatic Stroker,131.36,289.00,Products,Simon,Sex Toy Distributing,Four-cylinder automatic stroker and suction suite. Gear, Not Medicine.
AH354-QP,St. Andrew's Cross Deluxe,309.09,680.00,Products,Simon,Sex Toy Distributing,Free-standing adjustable restraint frame. Gear, Not Medicine.
AH158-QP,Bareback Submission Horse,236.36,520.00,Products,Simon,Sex Toy Distributing,Heavy-duty bondage bench with 6 attachment points. Gear, Not Medicine.
CN1036-QP,Power Up Automatic Penis Pump,50.00,110.00,Products,Simon,Sex Toy Distributing,Rechargeable automatic vacuum pump. Gear, Not Medicine.
AH409-QP,Pleasure Throne Oral Chair,222.73,490.00,Products,Simon,Sex Toy Distributing,Adjustable oral sex chair with restraints. Gear, Not Medicine.
AJ098-QP,King Size Dungeon Bed with Suspension Canopy,2725.00,5995.00,Products,Simon,XR Brands,Carbon steel bed frame with 24 D-rings and canopy. Gear, Not Medicine.
AH700-QP,King West Industrial Bondage Bed Frame,1113.64,2450.00,Products,Simon,Queer Pathways Logistics,Heavy-duty steel canopy rigging bed frame. Gear, Not Medicine.
QP-SIL-01,Sovereign Starter 1oz Silicone Lube,8.40,18.49,Products,All,Double Outsider Supply Co,Entry-level trial volume silicone lubricant. Gear, Not Medicine.
W26103,Wet Platinum Silicone Lube - 3.1 oz,6.81,14.99,Products,All,Wet,Pure silicone long-lasting formula. Gear, Not Medicine.
W26106,Wet Platinum Silicone Lube - 6.1 oz,9.08,19.99,Products,All,Wet,Pure silicone long-lasting formula. Gear, Not Medicine.
W20702,Wet Platinum Silicone Lube - 9 oz,16.81,36.99,Products,All,Wet,Pure silicone long-lasting formula. Gear, Not Medicine.
W20708,Wet Platinum Silicone Lube - 16 oz,27.26,59.99,Products,All,Wet,Professional 16 oz pump bottle. Gear, Not Medicine.
W20715,Wet Platinum Silicone Lube - 32 oz,52.26,114.99,Products,All,Wet,High-capacity 32 oz container. Gear, Not Medicine.
W20714,Wet Platinum Silicone Lube - 1 Gallon,159.08,349.99,Products,All,Wet,Flagship 1 gallon bulk volume container. Gear, Not Medicine.
WORIG310,Wet Original Water-Based Lube - 3.1 oz,4.54,9.99,Products,All,Wet,Classic water-based formula. Gear, Not Medicine.
WORIG610,Wet Original Water-Based Lube - 6.1 oz,7.72,16.99,Products,All,Wet,Classic water-based formula. Gear, Not Medicine.
WORIG9,Wet Original Water-Based Lube - 9 oz,15.90,34.99,Products,All,Wet,Classic water-based formula. Gear, Not Medicine.
WORIG16,Wet Original Water-Based Lube - 16 oz,24.99,54.99,Products,All,Wet,Classic water-based formula. Gear, Not Medicine.
W27202,Wet Hybrid Premium Blend Lube - 1 oz,4.08,8.99,Products,All,Wet,Silicone and water hybrid blend. Gear, Not Medicine.
W27204,Wet Hybrid Premium Blend Lube - 3.1 oz,6.35,13.99,Products,All,Wet,Silicone and water hybrid blend. Gear, Not Medicine.
W27208,Wet Hybrid Premium Blend Lube - 9 oz,12.72,27.99,Products,All,Wet,Silicone and water hybrid blend. Gear, Not Medicine.
W27209,Wet Hybrid Premium Blend Lube - 16 oz,20.44,44.99,Products,All,Wet,Silicone and water hybrid blend. Gear, Not Medicine.
BC-FDA8-2,Elbow Grease Fusion Deep Action Silicone - 8.4 oz,14.20,31.25,Products,All,Elbow Grease,Deep action silicone lubricant. Gear, Not Medicine.
IDDXTM-04-2,ID Xtreme Waterbased - 4.4 oz,3.85,8.48,Products,All,ID Lubricants,High-performance water-based lubricant. Gear, Not Medicine.





SE1514-25,Accommodator Dual Penetrator - Black,11.75,25.85,Somatic Hardware > Mechanical,Alex,Williams Trading,Dual penetrator with simultaneous vibration. Gear, Not Medicine.
IBIC1359,Alien Nation Centaur,45.00,99.00,Somatic Hardware > Positional,Alex,Eldorado,Advanced positional hardware. Gear, Not Medicine.
IBIC1350,Alien Nation Cerberus,27.50,60.50,Somatic Hardware > Positional,Alex,Eldorado,Multi-headed positional anchor. Gear, Not Medicine.
DJ5079-03,Belladonna's Bitch Fist,27.53,60.57,Somatic Hardware > Mechanical,Alex,Williams Trading,Textured fisting aid. Gear, Not Medicine.
BV-162,b-Vibe Fists 14.5" Fist-Style Realistic Dildo,25.00,55.00,Somatic Hardware > Mechanical,Alex,b-Vibe,Large-scale internal expansion tool. Gear, Not Medicine.
BV-058-CRM,b-Vibe Slipskin 9" Girthy - Cream,92.50,203.50,Somatic Hardware > Mechanical,Alex,b-Vibe,Textured silicone cylinder. Gear, Not Medicine.
DJ0300-16,A Play Expander Rechargeable Plug - Royal Blue,67.75,149.05,Somatic Hardware > Mechanical,Alex,Williams Trading,Graduated expansion plug with vibration. Gear, Not Medicine.
NX1254,Nexus Simul8 Black,43.50,95.70,Somatic Hardware > Mechanical,Alex,Nexus,Advanced mechanical tactile stimulator. Gear, Not Medicine.
GLAS-514,Glas 11" Fist Double Ended w/Handle Grip,35.00,77.00,Somatic Hardware > Glass,Alex,Eldorado,Double-ended glass cylinder. Gear, Not Medicine.
BC-FDA8,Elbow Grease Fusion Deep Action Silicone - 8.4 oz,31.25,68.75,Somatic Hardware > Lubricants,Alex,Elbow Grease,Deep action silicone lubricant. Gear, Not Medicine.
BV-018BLK,b-Vibe Snug & Tug Weighted Silicone & Penis Ring,27.50,60.50,Somatic Hardware > Mechanical,Alex,b-Vibe,Weighted ring and plug assembly. Gear, Not Medicine.
BL92008,Blush Performance Plus Pursuit,6.50,14.30,Somatic Hardware > Mechanical,Alex,Blush,Tactile performance tool. Gear, Not Medicine.
XRAH394,Creature Cocks Dragon Claw Silicone Dildo,63.93,140.65,Somatic Hardware > Mechanical,Alex,XR Brands,Textured fantasy silicone dildo. Gear, Not Medicine.
DJ8160-38,Signature Cocks ULTRASKYN 8.5" Girthmaster,46.01,101.22,Somatic Hardware > Mechanical,Alex,Williams Trading,Ultraskyn textured stroker. Gear, Not Medicine.
IDDXTM-04,ID Xtreme Waterbased - 4.4 oz,8.48,18.66,Somatic Hardware > Lubricants,Alex,ID Lubricants,High-performance water-based lubricant. Gear, Not Medicine.
CRC-CLA-04,Clarity Glass Dildo - Celestial Orb,15.00,33.00,Somatic Hardware > Glass,Ken,Clarity Glass,Precision glass insertable with orb tip. Gear, Not Medicine.
CRC-CLA-24,Clarity Glass 3 Piece Kit - Utopian Trinity,20.00,44.00,Somatic Hardware > Glass,Ken,Clarity Glass,Three-piece borosilicate glass set. Gear, Not Medicine.
GLAS-508,Glas 10" Mr. Swirly Dildo - Red,40.00,88.00,Somatic Hardware > Glass,Ken,Eldorado,Spiral fluted glass dildo. Gear, Not Medicine.
XRAG251,7X Bendable Prostate Stimulator,58.09,127.80,Somatic Hardware > Mechanical,Ken,XR Brands,Bendable internal prostate stimulator. Gear, Not Medicine.
BV-088,b-Vibe Jewel Metal Training Set,20.00,44.00,Somatic Hardware > Restraint,Ken,b-Vibe,Aluminum alloy plug training set. Gear, Not Medicine.
VI-A0308,VeDO Hump Silicone Anal Plug,8.50,18.70,Somatic Hardware > Mechanical,Ken,VeDO,Ergonomic silicone plug. Gear, Not Medicine.
WVSNVC4SG5,We-Vibe Vector+ - Royal Blue,55.88,122.94,Somatic Hardware > Mechanical,Ken,We-Vibe,App-connected targeted stimulator. Gear, Not Medicine.
PLPC32037,Plesur Advanced 30mm Magnetic Ball Stretcher,40.00,88.00,Somatic Hardware > Restraint,Ken,Plesur,Magnetic ball weight. Gear, Not Medicine.
SE2385-00,Anti-Bacterial Toy Cleaner - 4.3 oz,4.85,10.67,Somatic Hardware > Hygiene,Ken,Williams Trading,Sanitizing toy cleaner spray. Gear, Not Medicine.
IDDFRB04,ID FREE Water Based Lubricant - 4.4 oz,9.50,20.90,Somatic Hardware > Lubricants,Ken,ID Lubricants,Hypoallergenic water-based lubricant. Gear, Not Medicine.
NB001755,Nobu Galaxy Moon Plug,10.75,23.65,Somatic Hardware > Mechanical,Ken,Nobu,Textured silicone plug. Gear, Not Medicine.
BV-098,b-Vibe Dart Silicone Anal Plug,15.00,33.00,Somatic Hardware > Mechanical,Ken,b-Vibe,Sleek tapered anal plug. Gear, Not Medicine.
EN-DD-6238,Evolved real Supple Poseable Girthy,17.49,38.48,Somatic Hardware > Mechanical,Ken,Evolved,Poseable internal dildo. Gear, Not Medicine.
DJ0301-02,A Play Hybrid Anal Lubricant - 4 oz,10.62,23.36,Somatic Hardware > Lubricants,Ken,Williams Trading,Hybrid silicone-water lubricant. Gear, Not Medicine.
SHTLVL010043TEA,Shots Levelz Set of 4 Cock & Ball Rings - Teal,21.95,48.29,Somatic Hardware > Restraint,Ken,Shots,Silicone cock and ball ring set. Gear, Not Medicine.
SE0414-00,Weighted Silicone Anal Plug - Black,5.45,11.99,Somatic Hardware > Mechanical,Marcus,Williams Trading,Weighted silicone plug for endurance. Gear, Not Medicine.
BV-048BLK,b-Vibe Expand Plug - Black,85.00,187.00,Somatic Hardware > Mechanical,Marcus,b-Vibe,Graduated expansion plug with remote control. Gear, Not Medicine.
VI-A0108,VeDO Trio Anal Plug Set - Black,19.50,42.90,Somatic Hardware > Mechanical,Marcus,VeDO,Progressive plug set. Gear, Not Medicine.
XRAG409,Master Series Ball Trap Metal Ball Stretcher,36.74,80.83,Somatic Hardware > Restraint,Marcus,XR Brands,Heavy metal ball stretcher. Gear, Not Medicine.
PF-ER-25,ErgoFlo Director - Black,37.95,83.49,Somatic Hardware > Mechanical,Jasper,ErgoFlo,Advanced prostate and perineum massager. Gear, Not Medicine.
BBGOLD,Boy Butter Gold Formula - 16 oz,44.99,98.98,Somatic Hardware > Lubricants,Jasper,Boy Butter,Rich cream lubricant and moisturizer. Gear, Not Medicine.
6755-12,Swiss Navy Silicone Lubricant - 32 oz,79.99,175.98,Somatic Hardware > Lubricants,Jasper,Swiss Navy,Professional large-format silicone lubricant. Gear, Not Medicine.
SS36001,Pivot Positioner SS360,115.00,253.00,Somatic Hardware > Positional,Gabe,Sportsheets,Positional support wedge and wedge system. Gear, Not Medicine.
SS77016,Precision Sting Crop,45.00,99.00,Somatic Hardware > Impact,Gabe,Sportsheets,Precision leather impact crop. Gear, Not Medicine.
SS09916,Shadow Full Hood,65.00,143.00,Somatic Hardware > Restraint,Gabe,Sportsheets,Sensory isolation hood with lockable hardware. Gear, Not Medicine.
AH155-QP,Ultimate Obedience Chair,568.18,1250.00,Somatic Hardware > Positional,Simon,XR Brands,Heavy-duty bondage throne with integrated machine. Gear, Not Medicine.
AF596-QP,The Super Milker Automatic Stroker,131.36,289.00,Somatic Hardware > Mechanical,Simon,Sex Toy Distributing,Four-cylinder automatic stroker and suction suite. Gear, Not Medicine.
AH354-QP,St. Andrew's Cross Deluxe,309.09,680.00,Somatic Hardware > Restraint,Simon,Sex Toy Distributing,Free-standing adjustable restraint frame. Gear, Not Medicine.
AH158-QP,Bareback Submission Horse,236.36,520.00,Somatic Hardware > Positional,Simon,Sex Toy Distributing,Heavy-duty bondage bench with 6 attachment points. Gear, Not Medicine.
CN1036-QP,Power Up Automatic Penis Pump,50.00,110.00,Somatic Hardware > Mechanical,Simon,Sex Toy Distributing,Rechargeable automatic vacuum pump. Gear, Not Medicine.
AH409-QP,Pleasure Throne Oral Chair,222.73,490.00,Somatic Hardware > Positional,Simon,Sex Toy Distributing,Adjustable oral sex chair with restraints. Gear, Not Medicine.
AJ098-QP,King Size Dungeon Bed with Suspension Canopy,2725.00,5995.00,Somatic Hardware > Heavy Hardware,Simon,XR Brands,Carbon steel bed frame with 24 D-rings and canopy. Gear, Not Medicine.
AH700-QP,King West Industrial Bondage Bed Frame,1113.64,2450.00,Somatic Hardware > Heavy Hardware,Simon,Queer Pathways Logistics,Heavy-duty steel canopy rigging bed frame. Gear, Not Medicine.
QP-SIL-01,Sovereign Starter 1oz Silicone Lube,8.40,18.49,Somatic Hardware > Lubricants,All,Double Outsider Supply Co,Entry-level trial volume silicone lubricant. Gear, Not Medicine.
W26103,Wet Platinum Silicone Lube - 3.1 oz,6.81,14.99,Somatic Hardware > Lubricants,All,Wet,Pure silicone long-lasting formula. Gear, Not Medicine.
W26106,Wet Platinum Silicone Lube - 6.1 oz,9.08,19.99,Somatic Hardware > Lubricants,All,Wet,Pure silicone long-lasting formula. Gear, Not Medicine.
W20702,Wet Platinum Silicone Lube - 9 oz,16.81,36.99,Somatic Hardware > Lubricants,All,Wet,Pure silicone long-lasting formula. Gear, Not Medicine.
W20708,Wet Platinum Silicone Lube - 16 oz,27.26,59.99,Somatic Hardware > Lubricants,All,Wet,Professional 16 oz pump bottle. Gear, Not Medicine.
W20715,Wet Platinum Silicone Lube - 32 oz,52.26,114.99,Somatic Hardware > Lubricants,All,Wet,High-capacity 32 oz container. Gear, Not Medicine.
W20714,Wet Platinum Silicone Lube - 1 Gallon,159.08,349.99,Somatic Hardware > Lubricants,All,Wet,Flagship 1 gallon bulk volume container. Gear, Not Medicine.
WORIG310,Wet Original Water-Based Lube - 3.1 oz,4.54,9.99,Somatic Hardware > Lubricants,All,Wet,Classic water-based formula. Gear, Not Medicine.
WORIG610,Wet Original Water-Based Lube - 6.1 oz,7.72,16.99,Somatic Hardware > Lubricants,All,Wet,Classic water-based formula. Gear, Not Medicine.
WORIG9,Wet Original Water-Based Lube - 9 oz,15.90,34.99,Somatic Hardware > Lubricants,All,Wet,Classic water-based formula. Gear, Not Medicine.
WORIG16,Wet Original Water-Based Lube - 16 oz,24.99,54.99,Somatic Hardware > Lubricants,All,Wet,Classic water-based formula. Gear, Not Medicine.
W27202,Wet Hybrid Premium Blend Lube - 1 oz,4.08,8.99,Somatic Hardware > Lubricants,All,Wet,Silicone and water hybrid blend. Gear, Not Medicine.
W27204,Wet Hybrid Premium Blend Lube - 3.1 oz,6.35,13.99,Somatic Hardware > Lubricants,All,Wet,Silicone and water hybrid blend. Gear, Not Medicine.
W27208,Wet Hybrid Premium Blend Lube - 9 oz,12.72,27.99,Somatic Hardware > Lubricants,All,Wet,Silicone and water hybrid blend. Gear, Not Medicine.
W27209,Wet Hybrid Premium Blend Lube - 16 oz,20.44,44.99,Somatic Hardware > Lubricants,All,Wet,Silicone and water hybrid blend. Gear, Not Medicine.
BC-FDA8-2,Elbow Grease Fusion Deep Action Silicone - 8.4 oz,14.20,31.25,Somatic Hardware > Lubricants,All,Elbow Grease,Deep action silicone lubricant. Gear, Not Medicine.
IDDXTM-04-2,ID Xtreme Waterbased - 4.4 oz,3.85,8.48,Somatic Hardware > Lubricants,All,ID Lubricants,High-performance water-based lubricant. Gear, Not Medicine.
W26103,Wet Platinum Silicone Lube - 3.1 oz,14.99,237,237,Products,Wet,Long-lasting pure silicone formula. Glycerin-free and paraben-free. Gear, Not Medicine.
W26106,Wet Platinum Silicone Lube - 6.1 oz,19.99,182,182,Products,Wet,Long-lasting pure silicone formula. Glycerin-free and paraben-free. Gear, Not Medicine.
W20702,Wet Platinum Silicone Lube - 9 oz,36.99,111,111,Products,Wet,Long-lasting pure silicone formula. Glycerin-free and paraben-free. Gear, Not Medicine.
W20708,Wet Platinum Silicone Lube - 16 oz,59.99,63,63,Products,Wet,Professional-grade 16 oz pump bottle. Gear, Not Medicine.
W20715,Wet Platinum Silicone Lube - 32 oz,114.99,14,14,Products,Wet,High-capacity 32 oz volume container. Gear, Not Medicine.
W20714,Wet Platinum Silicone Lube - 1 Gallon,349.99,14,14,Products,Wet,Flagship 1 gallon bulk supply line (The Throne Tier). Gear, Not Medicine.
WORIG310,Wet Original Water-Based Lube - 3.1 oz,9.99,316,316,Products,Wet,Classic water-based formula. Condom compatible. Gear, Not Medicine.
WORIG610,Wet Original Water-Based Lube - 6.1 oz,16.99,182,182,Products,Wet,Classic water-based formula. Condom compatible. Gear, Not Medicine.
WORIG9,Wet Original Water-Based Lube - 9 oz,34.99,111,111,Products,Wet,Classic water-based formula. Condom compatible. Gear, Not Medicine.
WORIG16,Wet Original Water-Based Lube - 16 oz,54.99,63,63,Products,Wet,Classic water-based formula. Condom compatible. Gear, Not Medicine.
W27202,Wet Hybrid Premium Blend Lube - 1 oz,8.99,122,122,Products,Wet,Silicone and water hybrid blend. Gear, Not Medicine.
W27204,Wet Hybrid Premium Blend Lube - 3.1 oz,13.99,9,9,Products,Wet,Silicone and water hybrid blend. Gear, Not Medicine.
W27208,Wet Hybrid Premium Blend Lube - 9 oz,27.99,38,38,Products,Wet,Silicone and water hybrid blend. Gear, Not Medicine.
W27209,Wet Hybrid Premium Blend Lube - 16 oz,44.99,16,16,Products,Wet,Silicone and water hybrid blend. Gear, Not Medicine.
6755-12,Swiss Navy Silicone Lubricant - 32 oz,89.99,150,150,Products,Swiss Navy,Professional-grade 32 oz silicone lubricant with pump. Gear, Not Medicine.
BBGOLD,Boy Butter Original Formula - 16 oz,45.00,85,85,Products,Boy Butter,Rich cream-based lubricant and hand moisturizer. Gear, Not Medicine.
WT-27030,Wet Platinum Wipes 10ct,6.99,200,200,Products,Wet,Convenient personal cleansing wipes. Gear, Not Medicine.
QP-SIL-01,Sovereign Starter 1oz Silicone Lube,18.49,500,500,Products,Double Outsider Supply Co,Entry-level volume sizing for trial and gifting (The Warm-Up Tier). Gear, Not Medicine.
BC-FDA8,Elbow Grease Fusion Deep Action Silicone - 8.4 oz,31.25,95,95,Products,Elbow Grease,High-viscosity deep action silicone formula. Gear, Not Medicine.
IDDXTM-04,ID Xtreme Waterbased - 4.4 oz,8.48,110,110,Products,ID Lubricants,High-performance water-based lubricant. Gear, Not Medicine.
W26103,Wet Platinum Silicone Lube - 3.1 oz,14.99,237,237,Somatic Hardware > Lubricants,Wet,Long-lasting pure silicone formula. Glycerin-free and paraben-free. Gear, Not Medicine.
W26106,Wet Platinum Silicone Lube - 6.1 oz,19.99,182,182,Somatic Hardware > Lubricants,Wet,Long-lasting pure silicone formula. Glycerin-free and paraben-free. Gear, Not Medicine.
W20702,Wet Platinum Silicone Lube - 9 oz,36.99,111,111,Somatic Hardware > Lubricants,Wet,Long-lasting pure silicone formula. Glycerin-free and paraben-free. Gear, Not Medicine.
W20708,Wet Platinum Silicone Lube - 16 oz,59.99,63,63,Somatic Hardware > Lubricants,Wet,Professional-grade 16 oz pump bottle. Gear, Not Medicine.
W20715,Wet Platinum Silicone Lube - 32 oz,114.99,14,14,Somatic Hardware > Lubricants,Wet,High-capacity 32 oz volume container. Gear, Not Medicine.
W20714,Wet Platinum Silicone Lube - 1 Gallon,349.99,14,14,Somatic Hardware > Lubricants,Wet,Flagship 1 gallon bulk supply line (The Throne Tier). Gear, Not Medicine.
WORIG310,Wet Original Water-Based Lube - 3.1 oz,9.99,316,316,Somatic Hardware > Lubricants,Wet,Classic water-based formula. Condom compatible. Gear, Not Medicine.
WORIG610,Wet Original Water-Based Lube - 6.1 oz,16.99,182,182,Somatic Hardware > Lubricants,Wet,Classic water-based formula. Condom compatible. Gear, Not Medicine.
WORIG9,Wet Original Water-Based Lube - 9 oz,34.99,111,111,Somatic Hardware > Lubricants,Wet,Classic water-based formula. Condom compatible. Gear, Not Medicine.
WORIG16,Wet Original Water-Based Lube - 54.99,63,63,Somatic Hardware > Lubricants,Wet,Classic water-based formula. Condom compatible. Gear, Not Medicine.
W27202,Wet Hybrid Premium Blend Lube - 1 oz,8.99,122,122,Somatic Hardware > Lubricants,Wet,Silicone and water hybrid blend. Gear, Not Medicine.
W27204,Wet Hybrid Premium Blend Lube - 3.1 oz,13.99,9,9,Somatic Hardware > Lubricants,Wet,Silicone and water hybrid blend. Gear, Not Medicine.
W27208,Wet Hybrid Premium Blend Lube - 9 oz,27.99,38,38,Somatic Hardware > Lubricants,Wet,Silicone and water hybrid blend. Gear, Not Medicine.
W27209,Wet Hybrid Premium Blend Lube - 16 oz,44.99,16,16,Somatic Hardware > Lubricants,Wet,Silicone and water hybrid blend. Gear, Not Medicine.
6755-12,Swiss Navy Silicone Lubricant - 32 oz,89.99,150,150,Somatic Hardware > Lubricants,Swiss Navy,Professional-grade 32 oz silicone lubricant with pump. Gear, Not Medicine.
BBGOLD,Boy Butter Original Formula - 16 oz,45.00,85,85,Somatic Hardware > Lubricants,Boy Butter,Rich cream-based lubricant and hand moisturizer. Gear, Not Medicine.
WT-27030,Wet Platinum Wipes 10ct,6.99,200,200,Somatic Hardware > Lubricants,Wet,Convenient personal cleansing wipes. Gear, Not Medicine.
QP-SIL-01,Sovereign Starter 1oz Silicone Lube,18.49,500,500,Somatic Hardware > Lubricants,Double Outsider Supply Co,Entry-level volume sizing for trial and gifting (The Warm-Up Tier). Gear, Not Medicine.
BC-FDA8,Elbow Grease Fusion Deep Action Silicone - 8.4 oz,31.25,95,95,Somatic Hardware > Lubricants,Elbow Grease,High-viscosity deep action silicone formula. Gear, Not Medicine.
IDDXTM-04,ID Xtreme Waterbased - 4.4 oz,8.48,110,110,Somatic Hardware > Lubricants,ID Lubricants,High-performance water-based lubricant. Gear, Not Medicine.