Handle,Title,Body (HTML),Vendor,Type,Tags,Published,Option1 Name,Option1 Value,Variant SKU,Variant Grams,Variant Inventory Tracker,Variant Inventory Qty,Variant Inventory Policy,Variant Fulfillment Service,Variant Price,Variant Compare At Price,Variant Shipping,Variant Taxable,Image Src,Image Position,Image Src 2,Image Position 2,Image Src 3,Image Position 3,Image Src 4,Image Position 4,Image Src 5,Image Position 5,SEO Title,SEO Description,Google Shopping / Custom Label 0,Google Shopping / Custom Label 1
the-super-milker,"The Super Milker | Automatic Deluxe Stroker Machine with Four-Cylinder Sensory Suite","


The Super Milker
The Super Milker is a mechanical release valve for the nervous system that has spent the entire day running at high torque with nowhere to land. Designed for the man who needs the friction to stop happening inside his head and start happening somewhere he can actually feel, this machine delivers automatic stroking and suction through a four-cylinder sensory suite that lets you dial in exactly how much input your body requires.


Three cylinders ride your shaft with supple rubber and textured nubs, while a fourth targets more concentrated zones. The multi-speed dial gives you granular control over pace. When the session is done, everything locks into the top compartment with two included keys.


Gear, Not Medicine: This item is intended for personal somatic exploration and sensory scaffolding, not medical or therapeutic treatment.


Ships in 100% plain brown box packaging with neutral billing descriptor (QP LOGISTICS).


","Sex Toy Distributing","Products","Mechanical, Sensory Suite, Stroker, Discreet Shipping, Gear Not Medicine",TRUE,Title,Default Title,AF596-QP,3175,,10,deny,manual,289.00,,TRUE,TRUE,https://queerpathways.org/assets/products/ZPK1DnL9GE7.jpg,1,https://queerpathways.org/assets/products/gbpmU19nT7x.jpg,2,https://queerpathways.org/assets/products/2zLAD_2uKUr.jpg,3,https://queerpathways.org/assets/products/4N_aRBtUTX4.jpg,4,https://queerpathways.org/assets/products/afHxcJNyZPK.jpg,5,"The Super Milker | Automatic Deluxe Stroker Machine","Automatic deluxe stroker machine with four-cylinder sensory suite and locking case. Ships discreetly via QP LOGISTICS.",Lane One Retail,PaymentCloud NMI
ultimate-obedience-chair,"Ultimate Obedience Chair | Adjustable Bondage Throne with Integrated Sex Machine","


Ultimate Obedience Chair
A heavy-duty adjustable throne built on a wood and iron frame rated for 440 pounds, with plush PVC leather padding. The backboard moves from upright to fully reclined, the leg rests adjust to whatever height exposes you best, and the integrated detachable sex machine delivers 195 thrusts per minute through a corded handheld controller.


Six quick-release nylon straps with ABS plastic buckles secure your chest, waist, and legs. D-rings on the side frame accept wrist cuffs and extra hardware.


Gear, Not Medicine: This item is intended for personal somatic exploration and sensory scaffolding, not medical or therapeutic treatment.


Ships via freight in unbranded crating with neutral billing descriptor (QP LOGISTICS).


","Sex Toy Distributing","Products","Bondage Throne, Positional Scaffolding, Heavy Gear, Dungeon Furniture",TRUE,Title,Default Title,AH155-QP,45359,,5,deny,manual,1250.00,,TRUE,TRUE,https://queerpathways.org/assets/products/OpdwntiskGq.jpg,1,https://queerpathways.org/assets/products/UFZ0dEZB_GB.jpg,2,https://queerpathways.org/assets/products/RSF_ANV7avB.jpg,3,https://queerpathways.org/assets/products/1TYvzvn7bMe.jpg,4,https://queerpathways.org/assets/products/LKY-GIwf_8A.jpg,5,"Ultimate Obedience Chair | Bondage Throne with Sex Machine","Heavy-duty adjustable bondage throne with integrated sex machine. Rated for 440 lbs. Ships in discreet unbranded crating.",Lane One Retail,PaymentCloud NMI
st-andrews-cross-deluxe,"St. Andrew's Cross Deluxe | Free-Standing Restraint Frame with Adjustable Angle","


St. Andrew's Cross Deluxe
The architectural centerpiece of any room that has decided to stop pretending. This free-standing iron and wood frame stands 72 inches tall and 43.5 inches wide, with foam padding wrapped in vegan leather. The cross adjusts to three angles—70, 75, and 80 degrees—so you can match the lean to the height and flexibility of whoever is being restrained.


Four attachment points accept ankle and wrist cuffs, keeping the subject open and available for impact or sensation play.


Gear, Not Medicine: This item is intended for personal somatic exploration and sensory scaffolding, not medical or therapeutic treatment.


Ships in 100% plain brown packaging with neutral billing descriptor (QP LOGISTICS).


","Sex Toy Distributing","Products","St Andrews Cross, Architectural Restraint, Frame, Bondage",TRUE,Title,Default Title,AH354-QP,21318,,8,deny,manual,680.00,,TRUE,TRUE,https://queerpathways.org/assets/products/yMck_Gsqz8R.jpg,1,https://queerpathways.org/assets/products/hgA2tsQ_xjz.jpg,2,https://queerpathways.org/assets/products/3dTKFPml9uh.jpg,3,https://queerpathways.org/assets/products/TSyzP2YcU36.jpg,4,https://queerpathways.org/assets/products/0Ti5xjlprXm.jpg,5,"St. Andrew's Cross Deluxe | Free-Standing Restraint Frame","Free-standing 72-inch restraint frame with adjustable angles and vegan leather padding. Ships discreetly.",Lane One Retail,PaymentCloud NMI
bareback-submission-horse,"Bareback Submission Horse | Bondage Bench with Six Attachment Points","


Bareback Submission Horse
A bondage bench built for exposure, access, and endurance. The subject kneels or straddles the padded saddle while knee supports hold them open and six attachment points accept cuffs at ankles, wrists, and waist. Rated for 660 pounds with smooth vegan leather padding.


Gear, Not Medicine: This item is intended for personal somatic exploration and sensory scaffolding, not medical or therapeutic treatment.


Ships in 100% plain brown box packaging with neutral billing descriptor (QP LOGISTICS).


","Sex Toy Distributing","Products","Submission Horse, Bondage Bench, Positional Scaffolding",TRUE,Title,Default Title,AH158-QP,18143,,6,deny,manual,520.00,,TRUE,TRUE,https://queerpathways.org/assets/products/pP2UJpPeJNw.jpg,1,https://queerpathways.org/assets/products/s_gs4CuyUm7.jpg,2,https://queerpathways.org/assets/products/PTrTo-MGFiN.jpg,3,https://queerpathways.org/assets/products/wVooeGtlust.jpg,4,https://queerpathways.org/assets/products/HkmnMo9ULjR.jpg,5,"Bareback Submission Horse | Bondage Bench","Heavy-duty bondage bench rated for 660 lbs with six attachment points. Plain brown box delivery.",Lane One Retail,PaymentCloud NMI
power-up-automatic-pump,"Power Up Rechargeable Automatic Penis Pump | Three-Speed Suction with Graduated Cylinder","


Power Up Rechargeable Automatic Penis Pump
A rechargeable automatic pump delivering three speeds of graduated suction through a clear medical-grade SAN plastic cylinder. The silicone sleeve creates an airtight seal without latex, and an external mechanical dump valve releases pressure instantly when needed.


Gear, Not Medicine: This item is intended for personal somatic exploration and sensory scaffolding, not medical or therapeutic treatment.


Ships in 100% plain brown box packaging with neutral billing descriptor (QP LOGISTICS).


","Sex Toy Distributing","Products","Vacuum Pump, Automatic, Precision Mechanical, Sensory",TRUE,Title,Default Title,CN1036-QP,907,,15,deny,manual,110.00,,TRUE,TRUE,https://queerpathways.org/assets/products/ZPK1DnL9GE7.jpg,1,https://queerpathways.org/assets/products/gbpmU19nT7x.jpg,2,https://queerpathways.org/assets/products/2zLAD_2uKUr.jpg,3,https://queerpathways.org/assets/products/4N_aRBtUTX4.jpg,4,https://queerpathways.org/assets/products/afHxcJNyZPK.jpg,5,"Power Up Rechargeable Automatic Penis Pump","Rechargeable automatic vacuum pump with three speeds and quick release. Plain brown box packaging.",Lane One Retail,PaymentCloud NMI
pleasure-throne-oral-chair,"Pleasure Throne | Adjustable Oral Sex Chair with Wrist Restraints","


Pleasure Throne
An adjustable oral sex chair built on an iron frame with a 265-pound weight capacity. Features a plush vegan leather seat that adjusts in height through four ABS plastic knobs, an independently adjustable backrest, and a padded headrest with adjustable cushions that lock the receiving partner's head in place. Includes five integrated frame attachment points with cuffs and carabiners.


Gear, Not Medicine: This item is intended for personal somatic exploration and sensory scaffolding, not medical or therapeutic treatment.


Ships in 100% plain brown box packaging with neutral billing descriptor (QP LOGISTICS).


","Sex Toy Distributing","Products","Oral Sex Chair, Queening Chair, Positional Scaffolding",TRUE,Title,Default Title,AH409-QP,13607,,7,deny,manual,490.00,,TRUE,TRUE,https://queerpathways.org/assets/products/AH409_PleasureThrone_Main.jpg,1,https://queerpathways.org/assets/products/AH409_Alt1.jpg,2,https://queerpathways.org/assets/products/AH409_Alt2.jpg,3,https://queerpathways.org/assets/products/AH409_Alt3.jpg,4,https://queerpathways.org/assets/products/AH409_Alt4.jpg,5,"Pleasure Throne | Adjustable Oral Sex Chair","Adjustable oral sex chair with padded headrest and wrist restraints. Ships discreetly via QP LOGISTICS.",Lane One Retail,PaymentCloud NMI
king-size-dungeon-bed-canopy,"King Size Dungeon Bed with Suspension Canopy | Master Series Carbon Steel Rigging Frame","


King Size Dungeon Bed with Suspension Canopy
Luxury bed frame by day. Dungeon centerpiece by night. The Mid-Century Modern carbon steel lines, clean angles, and elegant profile settle into any room without drawing a second glance. Look closer and you'll count 24 welded D-rings cut straight into the frame, with a full suspension canopy waiting overhead.


This carbon steel build carries 661 lbs (300 kg) of platform weight so the foundation never flinches. Side rails and corner posts stand ready for swings, rigs, and restraints. Overhead, the canopy holds 220 lbs (100 kg) at a single point or 440 lbs (200 kg) distributed across the frame, ready for cuffs, spreader bars, shibari, and sensory gear. By dawn, drop a duvet over the platform and the room slips back into your innocent oasis.


Gear, Not Medicine: This item is intended for personal somatic exploration and sensory scaffolding, not medical or therapeutic treatment.


Ships via freight in unbranded crating with neutral billing descriptor (QP LOGISTICS).


","XR Brands (Master Series)","Products","Dungeon Bed, Suspension Canopy, Carbon Steel, 24 D-Rings, Heavy Hardware, Master Series",TRUE,Title,Default Title,AJ098-QP,123377,,2,deny,manual,5995.00,,TRUE,TRUE,https://cdn.marblism.com/NO2ZuKkazlS.jpg,1,https://cdn.marblism.com/KlRzvtqs8Vl.png,2,https://cdn.marblism.com/xAhFDzX11TH.jpg,3,,,,,"King Size Dungeon Bed with Suspension Canopy | Master Series","Carbon steel king-size bed frame with 24 D-rings and 220lb suspension canopy. Luxury furniture by day, dungeon anchor by night.",Lane One Retail,PaymentCloud NMI
